id,location_id,parameter
1502,847,pm25
8681,1575,co
8684,1575,no2
2772,1575,o3
2773,1575,pm10
2775,1575,pm25
8683,1575,so2
25553,1948,co
4272261,1948,no
25552,1948,no2
4272197,1948,nox
3446,1948,o3
13574377,1948,pm10
25551,1948,pm25
25574,2138,co
4272105,2138,no
25575,2138,no2
4272278,2138,nox
3843,2138,o3
3842,2138,pm25
4272272,5791,no
25926,5791,no2
4272378,5791,nox
13296645,5791,pm10
15731,5791,pm25
23019,7936,co
4272361,7936,no
25192,7936,no2
4272279,7936,nox
25193,7936,o3
25195,7936,pm10
25196,7936,pm25
25194,7936,so2
4272409,8236,no
24002,8236,no2
4272242,8236,nox
24001,8236,o3
24000,8236,pm25
25187,8679,co
4272379,8679,no
25188,8679,no2
4272450,8679,nox
25189,8679,o3
1562237,8679,pm10
1603568,8679,pm25
25190,8679,so2
1654133,290486,pm1
1654126,290486,pm10
1654141,290486,pm25
1654129,290493,pm1
1654139,290493,pm10
1654143,290493,pm25
1654155,290494,pm1
1654151,290494,pm10
1654156,290494,pm25
1654171,290497,pm1
1654180,290497,pm10
1654168,290497,pm25
1654197,290509,pm1
1654182,290509,pm10
1654191,290509,pm25
2000876,290514,pm1
2000872,290514,pm10
2000869,290514,pm25
1654224,290516,pm1
1654225,290516,pm10
1654217,290516,pm25
1654261,290527,no2
1654260,290527,pm1
1654256,290527,pm10
1654269,290527,pm25
2000847,290539,pm1
2000845,290539,pm10
2000834,290539,pm25
1654309,290548,pm1
1654307,290548,pm10
1654333,290548,pm25
1654337,290556,pm1
1654364,290556,pm10
1654360,290556,pm25
1654335,290562,pm1
1654336,290562,pm10
1654355,290562,pm25
2000460,290579,pm1
2000461,290579,pm10
2000475,290579,pm25
2000708,290586,pm1
2000702,290586,pm10
2000731,290586,pm25
1654447,290592,pm1
1654437,290592,pm10
1654435,290592,pm25
1654485,290598,pm1
1654469,290598,pm10
1654457,290598,pm25
2000691,290612,pm1
2000670,290612,pm10
2000674,290612,pm25
1654510,290613,no2
1654492,290613,pm1
1654504,290613,pm10
1654499,290613,pm25
1654526,290617,pm1
1654537,290617,pm10
1654545,290617,pm25
1654548,290619,pm1
1654533,290619,pm10
1654532,290619,pm25
1654563,290627,pm1
1654570,290627,pm10
1654577,290627,pm25
1654561,290631,pm1
1654558,290631,pm10
1654556,290631,pm25
1654617,290647,pm1
1654611,290647,pm10
1654629,290647,pm25
2000892,290669,pm1
2000888,290669,pm10
2000900,290669,pm25
1654720,290676,pm1
1654722,290676,pm10
1654718,290676,pm25
1999902,351827,no2
1999901,351827,pm1
1999905,351827,pm10
1999896,351827,pm25
2001093,352169,no2
2001065,352169,pm1
2001096,352169,pm10
2001073,352169,pm25
2001287,352228,no2
2001288,352228,pm1
2001275,352228,pm10
2001289,352228,pm25
2001360,352243,no2
2001352,352243,pm1
2001361,352243,pm10
2001343,352243,pm25
2088582,923364,no2
2088598,923364,pm1
2088584,923364,pm10
2088604,923364,pm25
5244578,923364,temperature
5244579,923364,temperature
2088556,923365,no2
2088547,923365,pm1
2088545,923365,pm10
2088548,923365,pm25
5319859,923365,relativehumidity
5244273,923365,temperature
5244272,923365,temperature
2088580,929705,no2
2088599,929705,pm1
2088585,929705,pm10
2088589,929705,pm25
5320029,929705,relativehumidity
5244329,929705,temperature
5244328,929705,temperature
2000498,947150,no2
2000487,947150,pm1
2000477,947150,pm10
2000497,947150,pm25
5319771,947150,relativehumidity
5244238,947150,temperature
5244239,947150,temperature
2001082,947151,pm1
2001088,947151,pm10
2001084,947151,pm25
5244485,947151,temperature
5244484,947151,temperature
2000801,947152,pm1
2000802,947152,pm10
2000821,947152,pm25
5244225,947152,temperature
5244224,947152,temperature
2000784,947153,pm1
2000787,947153,pm10
2000779,947153,pm25
5319719,947153,relativehumidity
5244517,947153,temperature
5244516,947153,temperature
2000901,947154,pm1
2000912,947154,pm10
2000905,947154,pm25
5244294,947154,temperature
5244295,947154,temperature
2000927,947155,pm1
2000944,947155,pm10
2000929,947155,pm25
5319943,947155,relativehumidity
5244381,947155,temperature
5244380,947155,temperature
2000655,947156,pm1
2000661,947156,pm10
2000650,947156,pm25
5244339,947156,temperature
5244338,947156,temperature
2000652,947157,pm1
2000646,947157,pm10
2000645,947157,pm25
5244576,947157,temperature
5244577,947157,temperature
2000780,947158,pm1
2000776,947158,pm10
2000768,947158,pm25
5244408,947158,temperature
5244409,947158,temperature
2000535,947159,pm1
2000527,947159,pm10
2000525,947159,pm25
5244345,947159,temperature
5244344,947159,temperature
2000756,947160,no2
2000741,947160,pm1
2000755,947160,pm10
2000753,947160,pm25
5319764,947160,relativehumidity
5244425,947160,temperature
5244424,947160,temperature
2000559,947161,pm1
2000569,947161,pm10
2000561,947161,pm25
5244400,947161,temperature
5244401,947161,temperature
2000684,947162,pm1
2000672,947162,pm10
2000676,947162,pm25
5244418,947162,temperature
5244419,947162,temperature
2001081,947163,pm1
2001068,947163,pm10
2001076,947163,pm25
5244561,947163,temperature
5244560,947163,temperature
2000941,947164,pm1
2000920,947164,pm10
2000935,947164,pm25
5244531,947164,temperature
5244530,947164,temperature
2000954,947165,pm1
2000966,947165,pm10
2000945,947165,pm25
5319905,947165,relativehumidity
5244314,947165,temperature
5244315,947165,temperature
2000749,947166,pm1
2000759,947166,pm10
2000750,947166,pm25
5319899,947166,relativehumidity
5244384,947166,temperature
5244385,947166,temperature
2001048,947167,pm1
2001056,947167,pm10
2001039,947167,pm25
5244233,947167,temperature
5244232,947167,temperature
2000503,947168,no2
2000485,947168,pm1
2000504,947168,pm10
2000499,947168,pm25
5244448,947168,temperature
5244449,947168,temperature
2000859,947169,pm1
2000868,947169,pm10
2000856,947169,pm25
5244215,947169,temperature
5244214,947169,temperature
2000687,947170,pm1
2000698,947170,pm10
2000686,947170,pm25
5319971,947170,relativehumidity
5244520,947170,temperature
5244521,947170,temperature
2000770,947171,pm1
2000785,947171,pm10
2000771,947171,pm25
5244383,947171,temperature
5244382,947171,temperature
2000810,947172,pm1
2000804,947172,pm10
2000798,947172,pm25
5319952,947172,relativehumidity
5244236,947172,temperature
5244237,947172,temperature
2001016,947173,pm1
2001017,947173,pm10
2001009,947173,pm25
5244454,947173,temperature
5244455,947173,temperature
2000555,947174,pm1
2000547,947174,pm10
2000553,947174,pm25
5244542,947174,temperature
5244543,947174,temperature
2000730,947175,pm1
2000719,947175,pm10
2000715,947175,pm25
5244571,947175,temperature
5244570,947175,temperature
2000549,947176,pm1
2000546,947176,pm10
2000545,947176,pm25
5244427,947176,temperature
5244426,947176,temperature
2000551,947177,pm1
2000572,947177,pm10
2000565,947177,pm25
5244202,947177,temperature
5244203,947177,temperature
2000557,947178,pm1
2000571,947178,pm10
2000552,947178,pm25
5244253,947178,temperature
5244252,947178,temperature
2000728,947180,no2
2000706,947180,pm1
2000705,947180,pm10
2000718,947180,pm25
5244482,947180,temperature
5244483,947180,temperature
2000989,947182,pm1
2000978,947182,pm10
2000977,947182,pm25
5244492,947182,temperature
5244493,947182,temperature
2000500,947183,pm1
2000508,947183,pm10
2000505,947183,pm25
5244357,947183,temperature
5244356,947183,temperature
2000580,947184,no2
2000584,947184,pm1
2000589,947184,pm10
2000599,947184,pm25
5244416,947184,temperature
5244417,947184,temperature
2000846,947185,pm1
2000837,947185,pm10
2000853,947185,pm25
5320086,947185,relativehumidity
5244245,947185,temperature
5244244,947185,temperature
2000531,947186,no2
2000524,947186,pm1
2000542,947186,pm10
2000522,947186,pm25
5244582,947186,temperature
5244583,947186,temperature
2000712,947187,pm1
2000713,947187,pm10
2000723,947187,pm25
5244368,947187,temperature
5244369,947187,temperature
2000797,947188,pm1
2000806,947188,pm10
2000819,947188,pm25
5319879,947188,relativehumidity
5244321,947188,temperature
5244320,947188,temperature
2000720,947189,pm1
2000711,947189,pm10
2000729,947189,pm25
5244222,947189,temperature
5244223,947189,temperature
2000636,947190,pm1
2000615,947190,pm10
2000623,947190,pm25
5244450,947190,temperature
5244451,947190,temperature
2001030,947191,pm1
2001011,947191,pm10
2001006,947191,pm25
5319827,947191,relativehumidity
5244212,947191,temperature
5244213,947191,temperature
2000983,947192,pm1
2000990,947192,pm10
2000981,947192,pm25
5244392,947192,temperature
5244393,947192,temperature
2000653,947193,pm1
2000649,947193,pm10
2000667,947193,pm25
5244282,947193,temperature
5244283,947193,temperature
2000826,947194,pm1
2000825,947194,pm10
2000840,947194,pm25
5244221,947194,temperature
5244220,947194,temperature
2000924,947195,pm1
2000936,947195,pm10
2000939,947195,pm25
5244507,947195,temperature
5244506,947195,temperature
2000556,947196,no2
2000574,947196,pm1
2000548,947196,pm10
2000567,947196,pm25
5319724,947196,relativehumidity
5244421,947196,temperature
5244420,947196,temperature
2000947,947197,pm1
2000946,947197,pm10
2000963,947197,pm25
5244394,947197,temperature
5244395,947197,temperature
2000628,947198,pm1
2000635,947198,pm10
2000624,947198,pm25
5244276,947198,temperature
5244277,947198,temperature
2000511,947199,pm1
2000513,947199,pm10
2000537,947199,pm25
5320087,947199,relativehumidity
5244331,947199,temperature
5244330,947199,temperature
2000663,947200,pm1
2000658,947200,pm10
2000642,947200,pm25
5319697,947200,relativehumidity
5244404,947200,temperature
5244405,947200,temperature
2000468,947201,pm1
2000453,947201,pm10
2000471,947201,pm25
5319693,947201,relativehumidity
5244346,947201,temperature
5244347,947201,temperature
2001060,947202,pm1
2001043,947202,pm10
2001038,947202,pm25
5244596,947202,temperature
5244597,947202,temperature
2000609,947203,pm1
2000632,947203,pm10
2000639,947203,pm25
5244332,947203,temperature
5244333,947203,temperature
2000682,947204,pm1
2000688,947204,pm10
2000695,947204,pm25
5244453,947204,temperature
5244452,947204,temperature
2000617,947205,no2
2000625,947205,pm1
2000627,947205,pm10
2000634,947205,pm25
5320031,947205,relativehumidity
5244359,947205,temperature
5244358,947205,temperature
2000952,947206,pm1
2000972,947206,pm10
2000956,947206,pm25
5319979,947206,relativehumidity
5244459,947206,temperature
5244458,947206,temperature
2000678,947207,pm1
2000692,947207,pm10
2000694,947207,pm25
5244313,947207,temperature
5244312,947207,temperature
2000960,947208,pm1
2000970,947208,pm10
2000953,947208,pm25
5244391,947208,temperature
5244390,947208,temperature
2000616,947209,pm1
2000630,947209,pm10
2000629,947209,pm25
5244204,947209,temperature
5244205,947209,temperature
2000738,947210,pm1
2000739,947210,pm10
2000737,947210,pm25
5244372,947210,temperature
5244373,947210,temperature
2000697,947211,pm1
2000685,947211,pm10
2000671,947211,pm25
5319680,947211,relativehumidity
5244557,947211,temperature
5244556,947211,temperature
2000951,947212,pm1
2000971,947212,pm10
2000967,947212,pm25
5244207,947212,temperature
5244206,947212,temperature
2001003,947213,pm1
2000975,947213,pm10
2000999,947213,pm25
5319927,947213,relativehumidity
5244402,947213,temperature
5244403,947213,temperature
2000480,947214,pm1
2000502,947214,pm10
2000494,947214,pm25
5244211,947214,temperature
5244210,947214,temperature
2000651,947215,pm1
2000665,947215,pm10
2000660,947215,pm25
5244396,947215,temperature
5244397,947215,temperature
2001005,947216,pm1
2001020,947216,pm10
2001013,947216,pm25
5319895,947216,relativehumidity
5244292,947216,temperature
5244293,947216,temperature
2000541,947217,pm1
2000510,947217,pm10
2000532,947217,pm25
5319758,947217,relativehumidity
5244278,947217,temperature
5244279,947217,temperature
2000633,947218,pm1
2000618,947218,pm10
2000613,947218,pm25
5244501,947218,temperature
5244500,947218,temperature
2000486,947219,pm1
2000481,947219,pm10
2000483,947219,pm25
5244541,947219,temperature
5244540,947219,temperature
2000822,947220,pm1
2000812,947220,pm10
2000800,947220,pm25
5319874,947220,relativehumidity
5244289,947220,temperature
5244288,947220,temperature
2000543,947221,no2
2000566,947221,pm1
2000562,947221,pm10
2000550,947221,pm25
5319780,947221,relativehumidity
5244480,947221,temperature
5244481,947221,temperature
2000478,947222,pm1
2000496,947222,pm10
2000490,947222,pm25
5244599,947222,temperature
5244598,947222,temperature
2000612,947223,pm1
2000621,947223,pm10
2000620,947223,pm25
5244478,947223,temperature
5244479,947223,temperature
2000957,947224,pm1
2000961,947224,pm10
2000973,947224,pm25
5319870,947224,relativehumidity
5244440,947224,temperature
5244441,947224,temperature
2000689,947225,pm1
2000673,947225,pm10
2000696,947225,pm25
5244336,947225,temperature
5244337,947225,temperature
2000833,947226,pm1
2000854,947226,pm10
2000839,947226,pm25
5319876,947226,relativehumidity
5244240,947226,temperature
5244241,947226,temperature
2000829,947227,pm1
2000831,947227,pm10
2000832,947227,pm25
5319960,947227,relativehumidity
5244326,947227,temperature
5244327,947227,temperature
2000805,947228,pm1
2000808,947228,pm10
2000796,947228,pm25
5244348,947228,temperature
5244349,947228,temperature
2000940,947229,pm1
2000930,947229,pm10
2000934,947229,pm25
5244317,947229,temperature
5244316,947229,temperature
2000704,947230,pm1
2000701,947230,pm10
2000716,947230,pm25
5244351,947230,temperature
5244350,947230,temperature
2000918,947231,pm1
2000922,947231,pm10
2000917,947231,pm25
5244526,947231,temperature
5244527,947231,temperature
2001053,947232,pm1
2001063,947232,pm10
2001040,947232,pm25
5319894,947232,relativehumidity
5244590,947232,temperature
5244591,947232,temperature
2000828,947233,pm1
2000850,947233,pm10
2000838,947233,pm25
5320004,947233,relativehumidity
5244550,947233,temperature
5244551,947233,temperature
2001052,947234,pm1
2001058,947234,pm10
2001062,947234,pm25
5244549,947234,temperature
5244548,947234,temperature
2000919,947235,pm1
2000943,947235,pm10
2000933,947235,pm25
5319920,947235,relativehumidity
5244437,947235,temperature
5244436,947235,temperature
2000451,947236,no2
2000458,947236,pm1
2000442,947236,pm10
2000443,947236,pm25
5319769,947236,relativehumidity
5244389,947236,temperature
5244388,947236,temperature
2000455,947237,pm1
2000457,947237,pm10
2000465,947237,pm25
5244249,947237,temperature
5244248,947237,temperature
2000982,947238,pm1
2000980,947238,pm10
2000993,947238,pm25
5244580,947238,temperature
5244581,947238,temperature
2000533,947239,no2
2000521,947239,pm1
2000518,947239,pm10
2000517,947239,pm25
5244410,947239,temperature
5244411,947239,temperature
2000761,947240,pm1
2000735,947240,pm10
2000760,947240,pm25
5244298,947240,temperature
5244299,947240,temperature
2000928,947241,pm1
2000931,947241,pm10
2000942,947241,pm25
5319897,947241,relativehumidity
5244518,947241,temperature
5244519,947241,temperature
2000843,947242,pm1
2000841,947242,pm10
2000852,947242,pm25
5244575,947242,temperature
5244574,947242,temperature
2000722,947243,pm1
2000727,947243,pm10
2000717,947243,pm25
5244446,947243,temperature
5244447,947243,temperature
2000470,947244,pm1
2000444,947244,pm10
2000445,947244,pm25
5320054,947244,relativehumidity
5244504,947244,temperature
5244505,947244,temperature
2000752,947245,pm1
2000740,947245,pm10
2000742,947245,pm25
5319682,947245,relativehumidity
5244360,947245,temperature
5244361,947245,temperature
2000683,947246,pm1
2000677,947246,pm10
2000690,947246,pm25
5244456,947246,temperature
5244457,947246,temperature
2001022,947247,pm1
2001010,947247,pm10
2001033,947247,pm25
5244552,947247,temperature
5244553,947247,temperature
2000576,947248,pm1
2000598,947248,pm10
2000606,947248,pm25
5244255,947248,temperature
5244254,947248,temperature
2001002,947249,pm1
2000996,947249,pm10
2000984,947249,pm25
5319921,947249,relativehumidity
5244562,947249,temperature
5244563,947249,temperature
2000913,947250,pm1
2000907,947250,pm10
2000906,947250,pm25
5244364,947250,temperature
5244365,947250,temperature
2000734,947251,pm1
2000758,947251,pm10
2000748,947251,pm25
5320069,947251,relativehumidity
5244524,947251,temperature
5244525,947251,temperature
2000564,947252,pm1
2000554,947252,pm10
2000558,947252,pm25
5244438,947252,temperature
5244439,947252,temperature
2000746,947253,pm1
2000743,947253,pm10
2000757,947253,pm25
5244377,947253,temperature
5244376,947253,temperature
2000773,947254,no2
2000765,947254,pm1
2000786,947254,pm10
2000783,947254,pm25
5244532,947254,temperature
5244533,947254,temperature
2000587,947255,pm1
2000605,947255,pm10
2000601,947255,pm25
5319696,947255,relativehumidity
5244554,947255,temperature
5244555,947255,temperature
2000449,947256,pm1
2000454,947256,pm10
2000450,947256,pm25
5244352,947256,temperature
5244353,947256,temperature
2000904,947257,pm1
2000908,947257,pm10
2000891,947257,pm25
5244487,947257,temperature
5244486,947257,temperature
2000515,947258,pm1
2000528,947258,pm10
2000534,947258,pm25
5244529,947258,temperature
5244528,947258,temperature
2000520,947259,pm1
2000519,947259,pm10
2000514,947259,pm25
5320067,947259,relativehumidity
5244512,947259,temperature
5244513,947259,temperature
2001036,947260,pm1
2001050,947260,pm10
2001064,947260,pm25
5319860,947260,relativehumidity
5244592,947260,temperature
5244593,947260,temperature
2000747,947261,pm1
2000744,947261,pm10
2000762,947261,pm25
5244307,947261,temperature
5244306,947261,temperature
2001019,947262,pm1
2001021,947262,pm10
2001026,947262,pm25
5319828,947262,relativehumidity
5244250,947262,temperature
5244251,947262,temperature
2000898,947263,pm1
2000909,947263,pm10
2000885,947263,pm25
5320008,947263,relativehumidity
5244569,947263,temperature
5244568,947263,temperature
2000577,947264,no2
2000592,947264,pm1
2000607,947264,pm10
2000578,947264,pm25
5244442,947264,temperature
5244443,947264,temperature
2000867,947265,pm1
2000862,947265,pm10
2000857,947265,pm25
5319980,947265,relativehumidity
5244508,947265,temperature
5244509,947265,temperature
2000640,947266,pm1
2000659,947266,pm10
2000666,947266,pm25
5319737,947266,relativehumidity
5244363,947266,temperature
5244362,947266,temperature
2000863,947267,pm1
2000883,947267,pm10
2000873,947267,pm25
5244412,947267,temperature
5244413,947267,temperature
2000781,947268,pm1
2000774,947268,pm10
2000775,947268,pm25
5319738,947268,relativehumidity
5244379,947268,temperature
5244378,947268,temperature
2000681,947269,pm1
2000675,947269,pm10
2000699,947269,pm25
5319872,947269,relativehumidity
5244469,947269,temperature
5244468,947269,temperature
2000538,947270,no2
2000529,947270,pm1
2000526,947270,pm10
2000539,947270,pm25
5244297,947270,temperature
5244296,947270,temperature
2000824,947271,pm1
2000807,947271,pm10
2000820,947271,pm25
5244406,947271,temperature
5244407,947271,temperature
2000788,947272,pm1
2000769,947272,pm10
2000790,947272,pm25
5244535,947272,temperature
5244534,947272,temperature
2000903,947273,pm1
2000889,947273,pm10
2000911,947273,pm25
5244567,947273,temperature
5244566,947273,temperature
2000657,947274,pm1
2000668,947274,pm10
2000654,947274,pm25
5319746,947274,relativehumidity
5244219,947274,temperature
5244218,947274,temperature
2000997,947275,pm1
2000995,947275,pm10
2000986,947275,pm25
5244584,947275,temperature
5244585,947275,temperature
2000791,947276,pm1
2000777,947276,pm10
2000782,947276,pm25
5319727,947276,relativehumidity
5244325,947276,temperature
5244324,947276,temperature
2000969,947277,pm1
2000962,947277,pm10
2000950,947277,pm25
5319817,947277,relativehumidity
5244280,947277,temperature
5244281,947277,temperature
2000874,947278,pm1
2000879,947278,pm10
2000870,947278,pm25
5244537,947278,temperature
5244536,947278,temperature
2000789,947279,pm1
2000794,947279,pm10
2000772,947279,pm25
5244588,947279,temperature
5244589,947279,temperature
2000622,947280,pm1
2000611,947280,pm10
2000610,947280,pm25
5244216,947280,temperature
5244217,947280,temperature
2001007,947281,pm1
2001014,947281,pm10
2001012,947281,pm25
5244511,947281,temperature
5244510,947281,temperature
2000596,947282,pm1
2000604,947282,pm10
2000581,947282,pm25
5244375,947282,temperature
5244374,947282,temperature
2001095,947283,pm1
2001072,947283,pm10
2001090,947283,pm25
5319837,947283,relativehumidity
5244310,947283,temperature
5244311,947283,temperature
2000597,947284,pm1
2000593,947284,pm10
2000602,947284,pm25
5244496,947284,temperature
5244497,947284,temperature
2000844,947285,pm1
2000851,947285,pm10
2000835,947285,pm25
5319841,947285,relativehumidity
5244284,947285,temperature
5244285,947285,temperature
2000473,947286,no2
2000467,947286,pm1
2000469,947286,pm10
2000466,947286,pm25
5244370,947286,temperature
5244371,947286,temperature
2000493,947287,pm1
2000501,947287,pm10
2000484,947287,pm25
5244264,947287,temperature
5244265,947287,temperature
2000836,947288,pm1
2000827,947288,pm10
2000848,947288,pm25
5319749,947288,relativehumidity
5244304,947288,temperature
5244305,947288,temperature
2000849,947289,pm1
2000830,947289,pm10
2000842,947289,pm25
5244477,947289,temperature
5244476,947289,temperature
2000745,947290,pm1
2000733,947290,pm10
2000754,947290,pm25
5244573,947290,temperature
5244572,947290,temperature
2000974,947291,pm1
2000949,947291,pm10
2000955,947291,pm25
5244538,947291,temperature
5244539,947291,temperature
2000631,947292,pm1
2000637,947292,pm10
2000608,947292,pm25
5319966,947292,relativehumidity
5244514,947292,temperature
5244515,947292,temperature
2000603,947293,no2
2000600,947293,pm1
2000585,947293,pm10
2000579,947293,pm25
5244499,947293,temperature
5244498,947293,temperature
2000877,947294,pm1
2000864,947294,pm10
2000875,947294,pm25
5319910,947294,relativehumidity
5244247,947294,temperature
5244246,947294,temperature
2000766,947295,pm1
2000793,947295,pm10
2000778,947295,pm25
5244300,947295,temperature
5244301,947295,temperature
2000573,947296,pm1
2000570,947296,pm10
2000560,947296,pm25
5244444,947296,temperature
5244445,947296,temperature
2000921,947297,pm1
2000925,947297,pm10
2000915,947297,pm25
5244266,947297,temperature
5244267,947297,temperature
2001057,947298,pm1
2001047,947298,pm10
2001051,947298,pm25
5244386,947298,temperature
5244387,947298,temperature
2000648,947299,pm1
2000656,947299,pm10
2000669,947299,pm25
5244367,947299,temperature
5244366,947299,temperature
2001034,947300,pm1
2001018,947300,pm10
2001023,947300,pm25
5319847,947300,relativehumidity
5244414,947300,temperature
5244415,947300,temperature
2000641,947301,pm1
2000664,947301,pm10
2000647,947301,pm25
5320074,947301,relativehumidity
5244303,947301,temperature
5244302,947301,temperature
2000881,947302,pm1
2000878,947302,pm10
2000865,947302,pm25
5319796,947302,relativehumidity
5244594,947302,temperature
5244595,947302,temperature
2000582,947303,pm1
2000588,947303,pm10
2000586,947303,pm25
5319690,947303,relativehumidity
5244600,947303,temperature
5244601,947303,temperature
2000590,947304,pm1
2000575,947304,pm10
2000595,947304,pm25
5320055,947304,relativehumidity
5244474,947304,temperature
5244475,947304,temperature
2000880,947305,pm1
2000866,947305,pm10
2000860,947305,pm25
5244256,947305,temperature
5244257,947305,temperature
2000871,947306,pm1
2000882,947306,pm10
2000884,947306,pm25
5244318,947306,temperature
5244319,947306,temperature
2000726,947307,pm1
2000725,947307,pm10
2000714,947307,pm25
5319997,947307,relativehumidity
5244335,947307,temperature
5244334,947307,temperature
2000459,947308,pm1
2000463,947308,pm10
2000474,947308,pm25
5244341,947308,temperature
5244340,947308,temperature
2000897,947309,pm1
2000894,947309,pm10
2000899,947309,pm25
5319902,947309,relativehumidity
5244271,947309,temperature
5244270,947309,temperature
2000479,947310,pm1
2000488,947310,pm10
2000491,947310,pm25
5319799,947310,relativehumidity
5244502,947310,temperature
5244503,947310,temperature
2001035,947311,pm1
2001045,947311,pm10
2001044,947311,pm25
5244234,947311,temperature
5244235,947311,temperature
2000858,947312,pm1
2000861,947312,pm10
2000855,947312,pm25
5244258,947312,temperature
5244259,947312,temperature
2001075,947313,pm1
2001067,947313,pm10
2001089,947313,pm25
5244355,947313,temperature
5244354,947313,temperature
2000568,947314,pm1
2000544,947314,pm10
2000563,947314,pm25
5320002,947314,relativehumidity
5244587,947314,temperature
5244586,947314,temperature
2000923,947315,pm1
2000938,947315,pm10
2000932,947315,pm25
5244466,947315,temperature
5244467,947315,temperature
2001015,947316,pm1
2001028,947316,pm10
2001027,947316,pm25
5244286,947316,temperature
5244287,947316,temperature
2000512,947317,no2
2000509,947317,pm1
2000536,947317,pm10
2000516,947317,pm25
5319735,947317,relativehumidity
5244290,947317,temperature
5244291,947317,temperature
2000914,947318,pm1
2000902,947318,pm10
2000895,947318,pm25
5244463,947318,temperature
5244462,947318,temperature
2000896,947319,pm1
2000887,947319,pm10
2000910,947319,pm25
5319797,947319,relativehumidity
5244465,947319,temperature
5244464,947319,temperature
2000709,947320,no2
2000703,947320,pm1
2000721,947320,pm10
2000707,947320,pm25
5244269,947320,temperature
5244268,947320,temperature
2000965,947321,pm1
2000959,947321,pm10
2000968,947321,pm25
5244263,947321,temperature
5244262,947321,temperature
2001004,947322,pm1
2000992,947322,pm10
2000987,947322,pm25
5244491,947322,temperature
5244490,947322,temperature
2000700,947323,no2
2000732,947323,pm1
2000710,947323,pm10
2000724,947323,pm25
5319691,947323,relativehumidity
5244242,947323,temperature
5244243,947323,temperature
2001029,947324,pm1
2001008,947324,pm10
2001032,947324,pm25
5319991,947324,relativehumidity
5244460,947324,temperature
5244461,947324,temperature
2001042,947325,pm1
2001037,947325,pm10
2001059,947325,pm25
5244565,947325,temperature
5244564,947325,temperature
2000644,947326,pm1
2000643,947326,pm10
2000662,947326,pm25
5319788,947326,relativehumidity
5244433,947326,temperature
5244432,947326,temperature
2001074,947327,pm1
2001070,947327,pm10
2001079,947327,pm25
5319998,947327,relativehumidity
5244547,947327,temperature
5244546,947327,temperature
2000764,947328,pm1
2000767,947328,pm10
2000792,947328,pm25
5244309,947328,temperature
5244308,947328,temperature
2000462,947329,no2
2000456,947329,pm1
2000464,947329,pm10
2000472,947329,pm25
5320053,947329,relativehumidity
5244489,947329,temperature
5244488,947329,temperature
2000523,947330,pm1
2000530,947330,pm10
2000540,947330,pm25
5244399,947330,temperature
5244398,947330,temperature
2000795,947331,pm1
2000815,947331,pm10
2000799,947331,pm25
5244434,947331,temperature
5244435,947331,temperature
2000492,947332,pm1
2000506,947332,pm10
2000476,947332,pm25
5244208,947332,temperature
5244209,947332,temperature
2000886,947333,pm1
2000893,947333,pm10
2000890,947333,pm25
5244230,947333,temperature
5244231,947333,temperature
2000964,947334,pm1
2000958,947334,pm10
2000948,947334,pm25
5319981,947334,relativehumidity
5244343,947334,temperature
5244342,947334,temperature
2001066,947335,pm1
2001078,947335,pm10
2001092,947335,pm25
5320036,947335,relativehumidity
5244228,947335,temperature
5244229,947335,temperature
2001087,947336,pm1
2001083,947336,pm10
2001097,947336,pm25
5244275,947336,temperature
5244274,947336,temperature
2000979,947338,pm1
2001001,947338,pm10
2000985,947338,pm25
5244470,947338,temperature
5244471,947338,temperature
2000594,947339,pm1
2000591,947339,pm10
2000583,947339,pm25
5320073,947339,relativehumidity
5244323,947339,temperature
5244322,947339,temperature
2000813,947340,pm1
2000823,947340,pm10
2000818,947340,pm25
5244261,947340,temperature
5244260,947340,temperature
2000816,947341,pm1
2000809,947341,pm10
2000814,947341,pm25
5320028,947341,relativehumidity
5244422,947341,temperature
5244423,947341,temperature
2000916,947342,pm1
2000926,947342,pm10
2000937,947342,pm25
5319938,947342,relativehumidity
5244545,947342,temperature
5244544,947342,temperature
2001000,947343,pm1
2000988,947343,pm10
2000994,947343,pm25
5244558,947343,temperature
5244559,947343,temperature
2000811,947344,pm1
2000817,947344,pm10
2000803,947344,pm25
5319969,947344,relativehumidity
5244522,947344,temperature
5244523,947344,temperature
2001055,947345,pm1
2001049,947345,pm10
2001046,947345,pm25
5244430,947345,temperature
5244431,947345,temperature
2001031,947346,pm1
2001024,947346,pm10
2001025,947346,pm25
5319810,947346,relativehumidity
5244495,947346,temperature
5244494,947346,temperature
2000976,947347,pm1
2000991,947347,pm10
2000998,947347,pm25
5244472,947347,temperature
5244473,947347,temperature
2000446,947348,no2
2000447,947348,pm1
2000452,947348,pm10
2000448,947348,pm25
5320039,947348,relativehumidity
5244227,947348,temperature
5244226,947348,temperature
2001041,947349,pm1
2001061,947349,pm10
2001054,947349,pm25
5244428,947349,temperature
5244429,947349,temperature
2001248,953769,no2
2001239,953769,pm1
2001232,953769,pm10
2001252,953769,pm25
5319786,953769,relativehumidity
5319831,953769,temperature
2001319,953824,no2
2001314,953824,pm1
2001322,953824,pm10
2001303,953824,pm25
5320174,953824,relativehumidity
5320144,953824,temperature
2001300,1001754,no2
2001313,1001754,pm1
2001309,1001754,pm10
2001329,1001754,pm25
2000751,1002069,pm1
2000763,1002069,pm10
2000736,1002069,pm25
2001254,1008670,no2
2001233,1008670,pm1
2001256,1008670,pm10
2001226,1008670,pm25
2001139,1009028,no2
2001144,1009028,pm1
2001161,1009028,pm10
2001168,1009028,pm25
2001184,1037394,no2
2001195,1037394,pm1
2001189,1037394,pm10
2001212,1037394,pm25
2001255,1037399,no2
2001235,1037399,pm1
2001249,1037399,pm10
2001218,1037399,pm25
2001159,1037495,no2
2001174,1037495,pm1
2001142,1037495,pm10
2001176,1037495,pm25
2088588,1285716,no2
2088605,1285716,pm1
2088591,1285716,pm10
2088600,1285716,pm25
6566820,1285716,temperature
6566821,1285716,temperature
2088607,1314366,no2
2088586,1314366,pm1
2088581,1314366,pm10
2088601,1314366,pm25
6607925,1314366,temperature
6607924,1314366,temperature
2088597,1373846,no2
2088606,1373846,pm1
2088576,1373846,pm10
2088583,1373846,pm25
6671718,1373846,temperature
6671717,1373846,temperature
6679800,1378636,pm1
6679801,1378636,pm10
6679799,1378636,pm25
6679798,1378636,temperature
6679797,1378636,temperature
6895836,1533718,pm1
6895827,1533718,pm10
6895834,1533718,pm25
6895829,1533718,temperature
6895830,1533718,temperature
6895823,1533720,pm1
6895831,1533720,pm10
6895835,1533720,pm25
6895824,1533720,temperature
6895825,1533720,temperature
6895822,1533721,pm1
6895826,1533721,pm10
6895828,1533721,pm25
6895832,1533721,temperature
6895833,1533721,temperature
6896239,1533911,pm1
6896263,1533911,pm10
6896260,1533911,pm25
6896256,1533911,temperature
6896257,1533911,temperature
6896255,1533913,pm1
6896259,1533913,pm10
6896261,1533913,pm25
6896248,1533913,temperature
6896249,1533913,temperature
6896252,1533917,pm1
6896262,1533917,pm10
6896234,1533917,pm25
6896243,1533917,temperature
6896242,1533917,temperature
6896258,1533920,pm1
6896254,1533920,pm10
6896241,1533920,pm25
6896247,1533920,temperature
6896246,1533920,temperature
6896240,1533921,pm1
6896235,1533921,pm10
6896244,1533921,pm25
6896250,1533921,temperature
6896251,1533921,temperature
7979812,1716811,pm1
7971144,1716811,pm1
7970861,1716811,pm10
7979825,1716811,pm10
7217298,1716811,pm25
7972918,1716811,relativehumidity
7217296,1716811,temperature
7972944,1716811,um003
7526868,1949202,no2
7526869,1949202,pm1
7526870,1949202,pm10
7526871,1949202,pm25
7526873,1949202,temperature
7526872,1949202,temperature
7526874,1949203,no2
7526875,1949203,pm1
7526876,1949203,pm10
7526877,1949203,pm25
7526879,1949203,temperature
7526878,1949203,temperature
7526880,1949204,no2
7526881,1949204,pm1
7526882,1949204,pm10
7526883,1949204,pm25
7526884,1949204,temperature
7526885,1949204,temperature
7526862,1949205,no2
7526863,1949205,pm1
7526864,1949205,pm10
7526865,1949205,pm25
7526866,1949205,temperature
7526867,1949205,temperature
7526856,1949206,no2
7526857,1949206,pm1
7526858,1949206,pm10
7526859,1949206,pm25
7526861,1949206,temperature
7526860,1949206,temperature
7663006,2069581,no2
7663007,2069581,pm1
7663008,2069581,pm10
7663009,2069581,pm25
7663011,2069581,temperature
7663010,2069581,temperature
8967149,2812558,pm25
8967447,2812560,pm25
8967127,2812572,pm25
8966929,2812577,pm25
8967103,2812581,pm25
8967271,2812652,pm25
8967463,2812720,pm25
9015968,2819489,pm1
9015965,2819489,pm10
9015967,2819489,pm25
9015964,2819489,relativehumidity
9015963,2819489,temperature
9015966,2819489,um003
9221014,2846873,pm1
9221004,2846873,pm10
9221005,2846873,pm25
9221027,2846873,relativehumidity
9220994,2846873,temperature
9220999,2846873,um003
9329456,2861424,pm1
9329481,2861424,pm10
9329470,2861424,pm25
9329468,2861424,relativehumidity
9329463,2861424,temperature
9329449,2861424,um003
10141094,2945078,pm25
10635291,3066056,pm25
10747996,3081004,pm1
10748012,3081004,pm10
10748004,3081004,pm25
10748015,3081004,relativehumidity
10748007,3081004,temperature
10748014,3081004,um003
11363376,3277172,pm1
11363378,3277172,pm10
11363390,3277172,pm25
11363385,3277172,relativehumidity
11363397,3277172,temperature
11363384,3277172,um003
11380193,3279444,pm1
11380179,3279444,pm10
11380180,3279444,pm25
11380183,3279444,relativehumidity
11380192,3279444,temperature
11380177,3279444,um003
11546719,3301739,pm1
11546717,3301739,pm10
11546715,3301739,pm25
11546714,3301739,relativehumidity
11546728,3301739,temperature
11546727,3301739,um003
12142827,3390414,pm25
12142828,3390415,pm25
12178191,3400917,pm1
12178192,3400917,pm25
12178193,3400917,relativehumidity
12178194,3400917,temperature
12178495,3400917,um003
12178231,3400927,pm1
12178232,3400927,pm25
12178233,3400927,relativehumidity
12178234,3400927,temperature
12178505,3400927,um003
12178291,3400944,pm1
12178292,3400944,pm25
12178293,3400944,relativehumidity
12178294,3400944,temperature
12178520,3400944,um003
12178299,3400946,pm1
12178300,3400946,pm25
12178301,3400946,relativehumidity
12178302,3400946,temperature
12178522,3400946,um003
12178339,3400957,pm1
12178340,3400957,pm25
12178341,3400957,relativehumidity
12178342,3400957,temperature
12178532,3400957,um003
12178351,3400959,pm1
12178352,3400959,pm25
12178353,3400959,relativehumidity
12178354,3400959,temperature
12178535,3400959,um003
12178371,3400965,pm1
12178372,3400965,pm25
12178373,3400965,relativehumidity
12178374,3400965,temperature
12178540,3400965,um003
14153995,3400982,pm1
14153996,3400982,pm25
14153997,3400982,relativehumidity
14153998,3400982,temperature
14153999,3400982,um003
12178419,3400983,pm1
12178420,3400983,pm25
12178421,3400983,relativehumidity
12178422,3400983,temperature
12178552,3400983,um003
12178427,3400987,pm1
12178428,3400987,pm25
12178429,3400987,relativehumidity
12178430,3400987,temperature
12178554,3400987,um003
14154010,3400990,pm1
14154011,3400990,pm25
14154012,3400990,relativehumidity
14154013,3400990,temperature
14154014,3400990,um003
12177963,3400996,pm1
12177964,3400996,pm25
12177965,3400996,relativehumidity
12177966,3400996,temperature
12178444,3400996,um003
14152344,3401006,pm1
14152345,3401006,pm25
14152346,3401006,relativehumidity
14152347,3401006,temperature
14152348,3401006,um003
12331747,3402588,pm1
12331748,3402588,pm25
12331749,3402588,relativehumidity
12331750,3402588,temperature
12331751,3402588,um003
12225980,3408124,pm1
12225981,3408124,pm25
12225982,3408124,relativehumidity
12225983,3408124,temperature
12225984,3408124,um003
12305572,3423890,pm10
12249631,3423890,pm25
12265012,3443111,pm1
12265013,3443111,pm25
12265014,3443111,relativehumidity
12265015,3443111,temperature
12265016,3443111,um003
12287265,3470923,pm1
12287266,3470923,pm25
12287267,3470923,relativehumidity
12287268,3470923,temperature
12287269,3470923,um003
12287594,3471416,pm1
12287595,3471416,pm25
12287596,3471416,relativehumidity
12287597,3471416,temperature
12287598,3471416,um003
12377166,3581456,pm10
12376848,3581456,pm25
12417714,3632602,pm1
12417715,3632602,pm25
12417716,3632602,relativehumidity
12417717,3632602,temperature
12417718,3632602,um003
14152559,3778909,pm1
14152560,3778909,pm25
14152561,3778909,relativehumidity
14152562,3778909,temperature
14152563,3778909,um003
12605103,3862441,pm1
12605104,3862441,pm25
12605105,3862441,relativehumidity
12605106,3862441,temperature
12605107,3862441,um003
12624291,3886370,pm1
12624292,3886370,pm25
12624293,3886370,relativehumidity
12624294,3886370,temperature
12624295,3886370,um003
14152609,3903452,pm1
14152610,3903452,pm25
14152611,3903452,relativehumidity
14152612,3903452,temperature
14152613,3903452,um003
12643354,3910090,pm25
12643352,3910091,pm25
12643353,3910092,pm25
12661031,3930632,pm1
12661032,3930632,pm25
12661033,3930632,relativehumidity
12661034,3930632,temperature
12661035,3930632,um003
14152634,3996322,pm1
14152635,3996322,pm25
14152636,3996322,relativehumidity
14152637,3996322,temperature
14152638,3996322,um003
12744304,4011243,pm1
12744305,4011243,pm25
12744306,4011243,relativehumidity
12744307,4011243,temperature
12744308,4011243,um003
14152764,4517206,pm1
14152765,4517206,pm25
14152766,4517206,relativehumidity
14152767,4517206,temperature
14152768,4517206,um003
14152839,4715689,pm1
14152840,4715689,pm25
14152841,4715689,relativehumidity
14152842,4715689,temperature
14152843,4715689,um003
13437912,4869634,pm1
13437913,4869634,pm25
13437914,4869634,relativehumidity
13437915,4869634,temperature
13437916,4869634,um003
13704199,5217366,pm1
13704200,5217366,pm25
13704201,5217366,relativehumidity
13704202,5217366,temperature
13704203,5217366,um003
14153322,5276665,pm1
14153323,5276665,pm25
14153324,5276665,relativehumidity
14153325,5276665,temperature
14153326,5276665,um003
13779500,5319289,pm25
13779499,5319290,pm25
13779504,5319291,pm25
13779503,5319292,pm25
13779505,5319293,pm25
13779502,5319294,pm25
13779506,5319295,pm25
13779498,5319296,pm25
13779501,5319297,pm25
13779990,5319373,pm25
13787196,5329272,pm25
13787703,5329789,pm25
13795882,5341477,pm25
13797148,5342895,pm25
13803131,5351389,pm25
13803638,5351913,pm25
13803892,5352400,pm25
13804643,5353402,pm25
13804642,5353403,pm25
13812078,5364242,pm25
13812076,5364243,pm25
13812077,5364244,pm25
13894443,5477232,pm1
13894444,5477232,pm25
13894445,5477232,relativehumidity
13894446,5477232,temperature
13894447,5477232,um003
14153765,5803007,pm1
14153766,5803007,pm25
14153767,5803007,relativehumidity
14153768,5803007,temperature
14153769,5803007,um003
